names,importances,experiment_id,CO_MES,var_target
"('11', '-6:-48', 'mm')",0.016389232329508303,772780c2-a20d-46ea-9632-b1948a8463cc,2,kt
"('08', '-31:-55', 'mm')",0.029263839811542992,772780c2-a20d-46ea-9632-b1948a8463cc,2,oc
"('08', 32, 3103, 'lag12')",0.022727272727272728,2ac3198a-44f6-4089-a34a-2679b93c4627,8,kt
ANO,0.01492537313432836,2ac3198a-44f6-4089-a34a-2679b93c4627,8,oc
