names,importances,experiment_id,CO_MES,var_target
"('03', '-16:-52', 'mm')",0.01843728027712331,9a4862c9-abf6-454b-a630-518019c8c61d,2,kt
"('10', '-8:-42', 'mm')",0.01875,9a4862c9-abf6-454b-a630-518019c8c61d,2,oc
"('09', '-22:-50', 'mm')",0.012480080164312835,7f898579-ce30-4344-be0b-5abd3f23f085,8,kt
"('02', '-18:-48', 'mm')",0.01860050890585242,7f898579-ce30-4344-be0b-5abd3f23f085,8,oc
