names,importances,experiment_id,CO_MES,var_target
"('01', '-19:-55', 'mm')",0.014471738883257892,28db0800-0290-4f1d-b360-462a1e4a4cde,2,kt
"('03', '-3:-61', 'mm')",0.0238265306122449,28db0800-0290-4f1d-b360-462a1e4a4cde,2,oc
"('08', 51, 3104, 'sm3')",0.02020380004121376,cf18f373-f215-4eec-bc27-dff2ff01dded,8,kt
ANO,0.01,cf18f373-f215-4eec-bc27-dff2ff01dded,8,oc
