names,importances,experiment_id,CO_MES,var_target
"('04', '-3:-61', 'mm')",0.015462445722419251,300a7804-3fd5-45db-bcbd-ac5a512a8bd6,2,kt
"('07', '-6:-48', 'mm')",0.021393995098039218,300a7804-3fd5-45db-bcbd-ac5a512a8bd6,2,oc
"('08', 71, 2710, 'sm12')",0.014784808448250603,cd0e67c1-f90b-4082-acc4-168c04259a91,8,kt
"('05', '-8:-40', 'mm')",0.02,cd0e67c1-f90b-4082-acc4-168c04259a91,8,oc
