names,importances,experiment_id,CO_MES,var_target
"('05', '-18:-44', 'mm')",0.015528910656348309,d64c5254-eab5-419c-b7ff-77808eae97e2,2,kt
"('09', '-31:-55', 'mm')",0.03333333333333333,d64c5254-eab5-419c-b7ff-77808eae97e2,2,oc
"('08', '-17:-41', 'mm')",0.05714285714285715,6faef783-fba6-43ad-96d1-12f7b9060564,8,kt
"('06', '-8:-40', 'mm')",0.025555555555555554,6faef783-fba6-43ad-96d1-12f7b9060564,8,oc
