names,importances,experiment_id,CO_MES,var_target
"('12', '-5:-49', 'mm')",0.017752991015846604,4e2973a6-58c9-42b3-ba06-18731b27d3f5,2,kt
"('11', '-8:-38', 'mm')",0.018995983935742974,4e2973a6-58c9-42b3-ba06-18731b27d3f5,2,oc
ANO,0.0,95f66e92-7b39-45c5-8321-98789465a8ed,8,kt
"('03', '-14:-46', 'mm')",0.018867924528301886,95f66e92-7b39-45c5-8321-98789465a8ed,8,oc
