names,importances,experiment_id,CO_MES,var_target
"('01', '-4:-46', 'mm')",0.009027636922367075,12cd68b5-9edc-4a0d-b9f3-f7eb93502ff5,2,kt
"('02', 'DAP_spot')",0.01836541640050867,12cd68b5-9edc-4a0d-b9f3-f7eb93502ff5,2,oc
"('05', '-11:-47', 'mm')",0.016955862255779466,4b4cd4bc-2d72-4f1f-b140-104662173525,8,kt
"('03', '-6:-36', 'mm')",0.03,4b4cd4bc-2d72-4f1f-b140-104662173525,8,oc
