names,importances,experiment_id,CO_MES,var_target
"('02', 22, 1005, 'sm12')",0.008543632101046413,747855e4-5100-41bf-823f-41149e7f9a40,2,kt
"('10', '-31:-51', 'mm')",0.017222222222222222,747855e4-5100-41bf-823f-41149e7f9a40,2,oc
"('08', 81, 1201, 'lag12')",0.013853393704322014,f8a8da9a-2fe4-4383-86a0-c648c304d8d2,8,kt
"('03', '-8:-40', 'mm')",0.02,f8a8da9a-2fe4-4383-86a0-c648c304d8d2,8,oc
