names,importances,experiment_id,CO_MES,var_target
"('02', 101, 2710, 'lag12')",0.01107608132202429,5cb9c30c-3b14-437c-b214-a39fc6b7371a,2,kt
"('06', '-27:-49', 'mm')",0.013784283912638638,5cb9c30c-3b14-437c-b214-a39fc6b7371a,2,oc
"('12', '-24:-46', 'mm')",0.013680519066088095,fb34c5ec-718f-4364-9960-ccd65d77438e,8,kt
"('11', '-10:-38', 'mm')",0.028498233215547703,fb34c5ec-718f-4364-9960-ccd65d77438e,8,oc
