names,importances,experiment_id,CO_MES,var_target
"('12', '-8:-38', 'mm')",0.014576053116117392,eae98249-f0c7-42f6-bbe4-bc00e88770ed,2,kt
"('02', '-13:-45', 'mm')",0.03636363636363636,eae98249-f0c7-42f6-bbe4-bc00e88770ed,2,oc
"('07', '-23:-53', 'mm')",0.016642834964608517,a51d1e09-0308-4835-a8f9-14bb0a261914,8,kt
"('04', '-21:-55', 'mm')",0.02,a51d1e09-0308-4835-a8f9-14bb0a261914,8,oc
