max_depth,max_features,min_samples_split,min_samples_leaf,fit_time_sec,experiment_id
89,2,5,5,0.11223936080932617,5cb9c30c-3b14-437c-b214-a39fc6b7371a
34,2,2,2,0.11562156677246094,fb34c5ec-718f-4364-9960-ccd65d77438e
