max_depth,max_features,min_samples_split,min_samples_leaf,fit_time_sec,experiment_id
8,21,5,2,0.12083697319030762,772780c2-a20d-46ea-9632-b1948a8463cc
8,3,2,8,0.11982250213623047,2ac3198a-44f6-4089-a34a-2679b93c4627
