max_depth,max_features,min_samples_split,min_samples_leaf,fit_time_sec,experiment_id
21,3,2,8,0.16626453399658203,eae98249-f0c7-42f6-bbe4-bc00e88770ed
2,5,2,5,0.12308979034423828,a51d1e09-0308-4835-a8f9-14bb0a261914
