max_depth,max_features,min_samples_split,min_samples_leaf,fit_time_sec,experiment_id
144,8,2,1,0.114471435546875,747855e4-5100-41bf-823f-41149e7f9a40
3,8,2,2,0.1299600601196289,f8a8da9a-2fe4-4383-86a0-c648c304d8d2
