max_depth,max_features,min_samples_split,min_samples_leaf,fit_time_sec,experiment_id
55,2,5,5,0.2230997085571289,9a4862c9-abf6-454b-a630-518019c8c61d
3,3,5,3,0.11514592170715332,7f898579-ce30-4344-be0b-5abd3f23f085
